{"train_time": 49.85617208480835, "test_aucroc": 0.45984687500000004, "test_aucpr": 0.13354349144694128, "test_time": 0.12167739868164062}