{"train_time": 6.031878709793091, "test_auc": 0.67814433772446, "test_time": 0.03091716766357422, "test_scores": [[0, 0, 0.26656001806259155], [1, 0, 0.061096299439668655], [2, 0, 0.06647154688835144], [3, 1, 0.41175055503845215], [4, 0, 0.027358662337064743], [5, 0, 0.023790765553712845], [6, 0, 0.06696097552776337], [7, 1, 0.0647771805524826], [8, 0, 0.050182804465293884], [9, 0, 0.15654094517230988], [10, 0, 0.03199005872011185], [11, 0, 0.10924636572599411], [12, 0, 0.09568802267313004], [13, 0, 0.3342069089412689], [14, 0, 0.02439289726316929], [15, 0, 0.040043458342552185], [16, 0, 0.06819996237754822], [17, 0, 0.03114430233836174], [18, 0, 0.15418741106987], [19, 1, 0.25988495349884033], [20, 0, 0.17160435020923615], [21, 0, 0.1449013352394104], [22, 0, 0.09315696358680725], [23, 0, 0.14266134798526764], [24, 0, 0.10272950679063797], [25, 0, 0.1000804677605629], [26, 0, 0.13223563134670258], [27, 0, 0.2258053719997406], [28, 0, 0.11250186711549759], [29, 0, 0.07944522053003311], [30, 0, 0.14059039950370789], [31, 0, 0.09933152794837952], [32, 0, 0.09324046969413757], [33, 0, 0.0771268829703331], [34, 0, 0.09128810465335846], [35, 0, 0.04185480251908302], [36, 0, 0.1381382793188095], [37, 0, 0.09257162362337112], [38, 0, 0.04021377116441727], [39, 0, 0.10525988787412643], [40, 1, 0.08494330942630768], [41, 0, 0.13265258073806763], [42, 1, 0.07438458502292633], [43, 0, 0.1822182834148407], [44, 0, 0.1002890020608902], [45, 0, 0.07226241379976273], [46, 0, 0.2085045874118805], [47, 0, 0.040822677314281464], [48, 0, 0.21008481085300446], [49, 0, 0.19396668672561646], [50, 0, 0.8812621831893921], [51, 0, 0.17500609159469604], [52, 0, 0.147500142455101], [53, 0, 0.11637714505195618], [54, 0, 0.1074557900428772], [55, 0, 0.19881418347358704], [56, 0, 0.03283014893531799], [57, 0, 0.376071035861969], [58, 0, 0.04928765445947647], [59, 0, 0.09366603940725327], [60, 0, 0.0387391522526741], [61, 0, 0.1256345808506012], [62, 0, 0.17349021136760712], [63, 0, 0.1029205247759819], [64, 0, 0.5127707123756409], [65, 0, 0.08205831795930862], [66, 0, 0.09004993736743927], [67, 0, 0.083255834877491], [68, 0, 0.12028978765010834], [69, 1, 0.0711049810051918], [70, 0, 0.0747796818614006], [71, 0, 0.17330706119537354], [72, 0, 0.1659928411245346], [73, 0, 0.08237767964601517], [74, 0, 0.05531284958124161], [75, 0, 0.09634296596050262], [76, 0, 0.050440456718206406], [77, 0, 0.16352546215057373], [78, 0, 0.04247485101222992], [79, 1, 0.20093314349651337], [80, 0, 0.18274451792240143], [81, 0, 0.31158769130706787], [82, 0, 0.08331678062677383], [83, 0, 0.5709491968154907], [84, 0, 0.03352046012878418], [85, 0, 0.20060445368289948], [86, 0, 0.01469528116285801], [87, 0, 0.0543300062417984], [88, 0, 0.11709880828857422], [89, 0, 0.2233840972185135], [90, 0, 0.1430196315050125], [91, 0, 0.05316619947552681], [92, 0, 0.39213845133781433], [93, 0, 0.03216584399342537], [94, 0, 0.24682408571243286], [95, 0, 0.09922720491886139], [96, 0, 0.12121835350990295], [97, 1, 0.04604547098278999], [98, 0, 0.06619860231876373], [99, 1, 0.07012531906366348], [100, 0, 0.384108304977417], [101, 0, 0.09021983295679092], [102, 0, 0.19825588166713715], [103, 1, 0.3206477165222168], [104, 1, 0.4464676082134247], [105, 0, 0.09549065679311752], [106, 0, 0.14342240989208221], [107, 1, 0.07829401642084122], [108, 0, 0.03337952867150307], [109, 0, 0.0761418342590332], [110, 0, 0.1128392294049263], [111, 0, 0.40281006693840027], [112, 0, 0.06704749912023544], [113, 0, 0.17678460478782654], [114, 0, 0.11292988061904907], [115, 0, 0.31343674659729004], [116, 0, 0.07228368520736694], [117, 0, 0.04638838395476341], [118, 0, 0.0730137974023819], [119, 0, 0.07601062953472137], [120, 0, 0.0951610580086708], [121, 0, 0.08550138771533966], [122, 0, 0.017770739272236824], [123, 0, 0.3565412759780884], [124, 0, 0.06648576259613037], [125, 0, 0.12231988459825516], [126, 0, 0.08637715131044388], [127, 0, 0.21815600991249084], [128, 0, 0.041256509721279144], [129, 0, 0.07261244207620621], [130, 1, 0.39028939604759216], [131, 0, 0.17946600914001465], [132, 1, 0.8664566278457642], [133, 0, 0.1217363104224205], [134, 0, 0.061121001839637756], [135, 0, 0.0921081006526947], [136, 0, 0.06485269218683243], [137, 0, 0.08137623220682144], [138, 0, 0.11258770525455475], [139, 0, 0.2575755715370178], [140, 1, 0.15515032410621643], [141, 0, 0.15769481658935547], [142, 0, 0.08969961106777191], [143, 0, 0.07012781500816345], [144, 0, 0.13607743382453918], [145, 0, 0.30202966928482056], [146, 0, 0.13476094603538513], [147, 0, 0.03807215392589569], [148, 0, 0.143400639295578], [149, 0, 0.5111930966377258], [150, 0, 0.06903792172670364], [151, 0, 0.029359538108110428], [152, 0, 0.23795655369758606], [153, 0, 0.5851898193359375], [154, 0, 0.029690004885196686], [155, 0, 0.1993422657251358], [156, 1, 0.13987287878990173], [157, 0, 0.05900434032082558], [158, 0, 0.07106142491102219], [159, 0, 0.048183053731918335], [160, 0, 0.0926123633980751], [161, 0, 0.030563093721866608], [162, 0, 0.06884992122650146], [163, 0, 0.061818063259124756], [164, 0, 0.32156550884246826], [165, 0, 0.43198561668395996], [166, 0, 0.09550082683563232], [167, 0, 0.05035903677344322], [168, 0, 0.171486958861351], [169, 0, 0.07987729460000992], [170, 0, 0.18508248031139374], [171, 0, 0.1523507982492447], [172, 0, 0.10009008646011353], [173, 0, 0.04560075327754021], [174, 0, 0.2243998646736145], [175, 1, 0.12203168123960495], [176, 1, 0.3466452658176422], [177, 0, 0.21170726418495178], [178, 1, 0.09702455997467041], [179, 0, 0.0804542526602745], [180, 0, 0.06906883418560028], [181, 0, 0.12812452018260956], [182, 0, 0.0625082328915596], [183, 0, 0.36892169713974], [184, 0, 0.4230453372001648], [185, 0, 0.24646598100662231], [186, 0, 0.10844478756189346], [187, 0, 0.22221995890140533], [188, 0, 0.08063002675771713], [189, 1, 0.1056952178478241], [190, 0, 0.1285746544599533], [191, 0, 0.08121425658464432], [192, 0, 0.1468031406402588], [193, 0, 0.021739715710282326], [194, 0, 0.04212523251771927], [195, 0, 0.08111754804849625], [196, 0, 0.15537188947200775], [197, 0, 0.10713210701942444], [198, 0, 0.096739262342453], [199, 0, 0.08028470724821091], [200, 0, 0.07510800659656525], [201, 0, 0.15101003646850586], [202, 0, 0.06923649460077286], [203, 0, 0.1254511922597885], [204, 0, 0.21419884264469147], [205, 0, 0.21527165174484253], [206, 1, 0.04162697494029999], [207, 0, 0.29673704504966736], [208, 0, 0.037354476749897], [209, 0, 0.125260591506958], [210, 0, 0.09919127821922302], [211, 1, 0.14285194873809814], [212, 0, 0.13773700594902039], [213, 0, 0.03411608561873436], [214, 0, 0.49404025077819824], [215, 0, 0.015035460703074932], [216, 0, 0.19912384450435638], [217, 0, 0.11091910302639008], [218, 0, 0.06974722445011139], [219, 0, 0.19579936563968658], [220, 0, 0.07667557150125504], [221, 0, 0.11116688698530197], [222, 0, 0.05953096225857735], [223, 0, 0.03788794204592705], [224, 0, 0.06443808972835541], [225, 0, 0.1536889672279358], [226, 0, 0.03751879185438156], [227, 0, 0.051366835832595825], [228, 0, 0.04513385146856308], [229, 0, 0.12769848108291626], [230, 0, 0.041064660996198654], [231, 0, 0.19709548354148865], [232, 0, 0.03551337867975235], [233, 0, 0.0981716588139534], [234, 0, 0.12045816332101822], [235, 0, 0.10792703181505203], [236, 0, 0.12132938951253891], [237, 0, 0.09184227883815765], [238, 0, 0.03748541325330734], [239, 0, 0.20958682894706726], [240, 1, 0.21614786982536316], [241, 1, 0.6017912030220032], [242, 0, 0.14269620180130005], [243, 0, 0.09166379272937775], [244, 0, 0.037918150424957275], [245, 0, 0.06806351244449615], [246, 0, 0.18019512295722961], [247, 0, 0.034687288105487823], [248, 0, 0.056221578270196915], [249, 0, 0.16493278741836548], [250, 1, 0.41934290528297424], [251, 0, 0.16485241055488586], [252, 0, 0.4727112352848053], [253, 1, 0.4588578939437866], [254, 1, 0.17020072042942047], [255, 0, 0.03138703852891922], [256, 0, 0.05900639668107033], [257, 0, 0.10139960050582886], [258, 1, 0.057456403970718384], [259, 0, 